"topicId","topicSlug","topicDisplayName","wikiItemId","freebaseMachineId"
2,"zumba","Zumba","Q229680","0b9gnr"
11,"word-of-mouth-marketing","Word of Mouth Marketing","Q561187","0g578sj"
21,"womens-rights","Women's Rights","Q223569","012h0y"
30,"wu-tang-clan","Wu Tang Clan","Q52463","0827v"
37,"tottenham","Tottenham","Q503375","0ncf9"
41,"zelda","Zelda","Q12393","07d5v"
45,"wind-power","Wind Power","Q43302","01phdl"
51,"twentieth-century","Twentieth Century","Q1788051","01gcjc"
55,"wil-wheaton","Wil Wheaton","Q264699","0l_dv"
61,"the-onion","The Onion","Q618236","07l04"
65,"web-television","Web Television","Q14346334","05pdd7v"
68,"texas-instruments","Texas Instruments","Q193412","0cv9b"
69,"yosemite-national-park","Yosemite National Park","Q180402","0c_y8"
71,"stirling","Stirling","Q182923","0gmkn"
75,"seattle-post-intelligencer","Seattle Post-Intelligencer","Q286261","027w3c"
79,"togo","Togo","Q945","07f5x"
80,"wicca","Wicca","Q59774","08356"
82,"western-digital","Western Digital","Q235813","01gfyl"
85,"zig-ziglar","Zig Ziglar","Q373830","04vvlw"
88,"turbotax","TurboTax","Q14477864","02l0q9d"
89,"walter-cronkite","Walter Cronkite","Q31073","016bxh"
91,"yoko-ono","Yoko Ono","Q117012","01nz1q6"
92,"ralph-waldo-emerson","Ralph Waldo Emerson","Q48226","06jkm"
94,"toys-r-us","Toys R Us","Q696334","02jwcn"
96,"water-sports","Water Sports","Q7973369","09gbk2d"
97,"user-groups","User Groups","Q613366","09bl1x"
102,"windows-95","Windows 95","Q83370","086n_"
103,"tory-burch","Tory Burch","Q2945547","04gsmx2"
104,"qr-code","QR Codes","Q12203","03ffw1"
109,"whitby","Whitby","Q852778","016n7v"
110,"toronto-film-festival","Toronto Film Festival","Q390018","018cvf"
111,"waste-management","Waste Management","Q180388","01dx90"
120,"walter-payton","Walter Payton","Q963117","0d1b4v"
121,"wyclef-jean","Wyclef Jean","Q202663","01s1zk"
122,"puerto-montt","Puerto Montt","Q36214","03fxkl"
123,"wolf-blitzer","Wolf Blitzer","Q49079","02qry6"
126,"vladivostok","Vladivostok","Q959","0fd_x"
128,"sicily","Sicily","Q1460","06w92"
136,"valdivia","Valdivia","Q160687","025s_c7"
139,"sylvester-stallone","Sylvester Stallone","Q40026","0gn30"
143,"universal-health-care","Universal Health Care","Q3274205","02r4sl"
146,"samba","Samba","Q11403","06__c"
147,"wolfram-alpha","Wolfram Alpha","Q207006","05pcr_d"
148,"snap-benefits","SNAP Benefits","Q556318","030gj7"
149,"taj-mahal","Taj Mahal","Q9141","0l8cb"
151,"trondheim","Trondheim","Q25804","09btk"
152,"vbulletin","vBulletin","Q44338","02szbm"
153,"will-smith","Will Smith","Q40096","0147dk"
157,"windows-media-player","Windows Media Player","Q192527","0b_mf"
160,"wachovia","Wachovia","Q1415262","02l6wq"
161,"yachts","Yachts","Q170173","08854"
162,"zacatecas","Zacatecas","Q80269","012tgw"
165,"stem-cell","Stem Cell Research","Q48196","06xn9"
166,"trent-reznor","Trent Reznor","Q282722","01271h"
168,"youth-ministry","Youth Ministry","Q8059317","0fwx6k"
169,"voice-actors","Voice Acting","Q2405480","0np9r"
170,"van-morrison","Van Morrison","Q272203","01wp8w7"
171,"thinkgeek","ThinkGeek","Q2191265","021jf1"
173,"jalisco","Jalisco","Q13160","01btyw"
174,"squarespace","Squarespace","Q7582097","075ff_x"
175,"taiwanese","Taiwanese","Q36778","0g1jw"
176,"vladimir-putin","Vladimir Putin","Q7747","08193"
178,"thessaloniki","Thessaloniki","Q17151","0b2mc"
179,"horticulture","Horticulture","Q48803","01fns6"
180,"spike-jonze","Spike Jonze","Q259913","06pk8"
181,"west-papua","West Papua","Q5096","02tc_5"
182,"max-payne","Max Payne","Q1175156","01zjqd"
183,"videoconferencing","Videoconferencing","Q238354","01p37y"
184,"segovia","Segovia","Q15684","0jg2n"
185,"william-gibson","William Gibson","Q188987","0821j"
186,"technical-support","Technical Support","Q366580","02zdwq"
189,"virgin-america","Virgin America","Q645084","03bwrn"
191,"west-palm-beach","West Palm Beach","Q163749","0rql_"
192,"sigmund-freud","Sigmund Freud","Q9215","06myp"
195,"virtual-machine","Virtual Machine","Q748417","01t9j9"
199,"wireless-network","Wireless Networks","Q11375","082h5"
200,"student-loan","Student Loans","Q462058","02crs_"
201,"uaw","UAW","Q1814260","01vdmd"
202,"social-software","Social Software","Q615985","01gdp5"
203,"waka-flocka-flame","Waka Flocka Flame","Q571125","09gnjnz"
204,"steve-martin","Steve Martin","Q16473","0p_47"
206,"wisdom-tooth","Wisdom Teeth","Q202517","02ccyf"
207,"sonoma-county","Sonoma County","Q108067","0l35f"
210,"stop-motion","Stop Motion Animation","Q308876","06qln"
215,"treasury","U.S. Department of Treasury","Q648666","0f1r9"
217,"katie-couric","Katie Couric","Q230739","01w_10"
218,"r-kelly","R. Kelly","Q273055","0ffgh"
220,"virgin-mobile","Virgin Mobile","Q1325951","039gly"
221,"russell-crowe","Russell Crowe","Q129817","06dv3"
222,"track-and-field","Track and Field","Q3312129","0bynt"
223,"uzbekistan","Uzbekistan","Q265","07t_x"
224,"punta-cana","Punta Cana","Q1568095","05sc7g"
227,"truck","Trucks","Q43193","07r04"
228,"x86","X86","Q182933","087hd"
229,"vince-vaughn","Vince Vaughn","Q107730","0315q3"
232,"trumpet","Trumpets","Q8338","07gql"
233,"zwolle","Zwolle","Q793","0f_qq"
235,"theo-walcott","Theo Walcott","Q29516","088nzc"
236,"william-shatner","William Shatner","Q16297","084m3"
238,"square","Square Inc.","Q7581990","0by16yq"
239,"snake","Snakes","Q2102","078jl"
240,"whirlpool","Whirlpool","Q607538","02dc2w"
241,"kourtney-kardashian","Kourtney Kardashian","Q575689","043ttm7"
246,"western-europe","Western Europe","Q27496","0852h"
254,"paul-rudd","Paul Rudd","Q276525","032w8h"
255,"stan-lee","Stan Lee","Q181900","079vf"
256,"st-paul","St. Paul","Q28848","0b2lw"
259,"wimax","WiMAX","Q133973","02dl1f"
260,"mobile-technology","Mobile Technology","Q6887246","09k6s3p"
261,"steve-ballmer","Steve Ballmer","Q181162","07bkv"
262,"southwest-airlines","Southwest Airlines","Q503308","0gztl"
264,"traffic","Traffic","Q4323994","0btp2"
265,"teething","Teething","Q2393344","03mpc9"
266,"photoblog","Photoblog","Q752295","09x_6m"
268,"tori-amos","Tori Amos","Q193744","07r4c"
271,"waikiki","Waikiki","Q254861","0g7gf"
272,"wealth","Wealth","Q14947471","083p06"
273,"woodworking","Woodworking","Q816871","08214"
277,"pagerank","PageRank","Q184316","05xpb"
278,"web-hosting","Web Hosting","Q5892272","014pz4"
279,"webex","WebEx","Q498944","042f2m"
280,"pirate-bay","Pirate Bay","Q22663","066fvd"
281,"barbara-walters","Barbara Walters","Q231417","01xcr4"
282,"wembley-stadium","Wembley Stadium","Q128468","027pds6"
283,"soviet-union","Soviet Union","Q15180","05vz3zq"
290,"tacoma","Tacoma","Q199797","010t4v"
291,"sonos","Sonos","Q7666226","02vw4v9"
293,"karl-marx","Karl Marx","Q9061","048cl"
294,"woody-allen","Woody Allen","Q25089","081lh"
297,"tina-turner","Tina Turner","Q131814","01vwyqp"
299,"quicktime","Quicktime","Q1243769","069n5"
302,"ubisoft","Ubisoft","Q188273","02qdyj"
303,"online-banking","Online Banking","Q188506","0352k1"
306,"rio-grande","Rio Grande","Q160636","0bt7c"
307,"james-blunt","James Blunt","Q130799","063t3j"
309,"xhtml","XHTML","Q166074","0879f"
310,"toni-braxton","Toni Braxton","Q155412","02h9_l"
311,"thom-yorke","Thom Yorke","Q188668","01p0w_"
312,"old-testament","Old Testament","Q19786","05ld9"
313,"ronaldinho","Ronaldinho","Q39444","02lfw5"
317,"yves-saint-laurent","Yves Saint Laurent","Q171556","012fs4"
318,"mayo-clinic","Mayo Clinic","Q1130172","0158xh"
319,"guy-kawasaki","Guy Kawasaki","Q507469","01p5q2"
320,"virgin-media","Virgin Media","Q1199764","0963jy"
321,"west-indies","West Indies","Q669037","0wj3lhw"
323,"talking-heads","Talking Heads","Q205001","07hgm"
325,"romeo-and-juliet","Romeo and Juliet","Q1573342","0c10f_"
326,"chiapas","Chiapas","Q60123","01zlx"
332,"voiceover","VoiceOver Screen Reader","Q1808580","062vsb"
333,"business-plan","Business Plans","Q208034","09y03"
337,"oregon-trail","Oregon Trail","Q862312","0d07c"
339,"spider","Spiders","Q1357","09kmb"
340,"subcultures","Subcultures","Q264965","013c8z"
341,"talktalk","TalkTalk Telecom","Q3514518","03cy16v"
343,"video-editing","Video Editing","Q1154312","02p14rx"
347,"victoria-beckham","Victoria Beckham","Q19810","0cgfb"
348,"orlando-bloom","Orlando Bloom","Q44467","09wj5"
349,"gulf-of-mexico","Gulf of Mexico","Q12630","03f_9"
351,"publicity","Publicity","Q1333727","01kjz1"
353,"real-housewives-of-orange-county","Real Housewives of Orange County","Q7759597","0gng4n"
356,"zipcar","Zipcar","Q1069924","04tz7n"
357,"sandra-bullock","Sandra Bullock","Q40791","0794g"
359,"singularity","Singularity","Q237525","0f5kk"
361,"petsmart","Petsmart","Q3307147","07926w"
362,"slow-cooker","Slow Cooking","Q642345","02tsc9"
364,"entertainment-journalism","Entertainment Journalism","Q5380486","03md8xc"
365,"marching-band","Marching Bands","Q1426710","09x9g"
367,"wells-fargo","Wells Fargo","Q744149","01kdws"
368,"rod-stewart","Rod Stewart","Q182655","0qf11"
369,"nescafe","Nescafe","Q503191","07t53r"
372,"tethering","Tethering","Q833066","08xd6s"
373,"lykke-li","Lykke Li","Q270724","03mglhd"
374,"julia-roberts","Julia Roberts","Q40523","046zh"
377,"vendors","Vendors","Q1762621","03ctrlg"
378,"royal-mail","Royal Mail","Q638098","01z3w3"
379,"sonora","Sonora","Q46422","0ldff"
381,"nick-cannon","Nick Cannon","Q348533","01d1st"
382,"pagan","Paganism","Q29536","05tgm"
383,"mastercard","Mastercard","Q489921","021b7r"
385,"wan","WAN","Q11384","09hrw"
386,"papa-roach","Papa Roach","Q254371","03q763"
387,"tim-mcgraw","Tim McGraw","Q356487","02lk95"
389,"outback-steakhouse","Outback Steakhouse","Q1064893","023xnd"
390,"chamber-of-commerce","Chamber of Commerce","Q1123526","01sgfj"
391,"dave-chappelle","Dave Chappelle","Q40321","01xwv7"
395,"media-relations","Media Relations","Q1916340","04y9nqc"
397,"online-reputation","Online Reputation","Q877546","01hwbh"
398,"wolves","Wolves","Q18498","084sq"
399,"super-mario-bros","Super Mario Bros.","Q11168","0kypr"
403,"rite-aid","Rite Aid","Q3433273","05lm7z"
406,"morgan-stanley","Morgan Stanley","Q334204","0jvs0"
407,"sierra-leone","Sierra Leone","Q1044","06s_2"
410,"tarragona","Tarragona","Q15088","0g7yd"
412,"rodent","Rodents","Q10850","06hps"
414,"travel-channel","Travel Channel","Q3317589","03qjnr"
417,"aston-martin","Aston Martin","Q27074","0ywc"
420,"stephen-fry","Stephen Fry","Q192912","0h0yt"
422,"soap","Soap","Q34396","0fw68"
423,"symantec","Symantec","Q677085","01zpmq"
427,"fraser-valley","Fraser Valley","Q3554074","01d4pr"
428,"venice-beach","Venice Beach","Q773853","07_fl"
431,"thai-food","Thai Food","Q841984","07hxn"
432,"solaris","Solaris","Q14646","0chnf"
434,"kit-kat","Kit Kats","Q367251","02v_x9"
435,"newsweek","Newsweek","Q188413","01fcfs"
437,"david-lynch","David Lynch","Q2071","026dx"
439,"red-hat","Red Hat Software","Q411082","02h5b_x"
442,"ewan-mcgregor","Ewan McGregor","Q165518","0k269"
443,"wrigley-field","Wrigley Field","Q1052807","0b0sh"
445,"healing","Healing","Q1581290","01jpqs"
448,"horror-film","Horror Films","Q200092","03npn"
449,"shropshire","Shropshire","Q23103","0dm0f"
450,"scion","Scion","Q503487","040fp9d"
451,"twin-cities","Twin Cities","Q394866","0py_0"
454,"joan-jett","Joan Jett","Q231106","01_8rq"
455,"chris-martin","Chris Martin","Q712860","024dgj"
459,"trafalgar-square","Trafalgar Square","Q129143","0gsxw"
460,"mary-j-blige","Mary J. Blige","Q228909","01vvyvk"
463,"moby","Moby","Q14045","01vv7sc"
464,"technology-journalism","Technology Journalism","Q2155573","04hz29v"
466,"vigo","Vigo","Q8745","026kzs"
467,"playgrounds","Playgrounds","Q11875349","01h_1n"
468,"red-robin","Red Robin","Q7304886","05vlc1"
470,"linked-data","Linked Data","Q18692990","012j2q5g"
471,"west-bank","West Bank","Q36678","082pc"
474,"winamp","Winamp","Q193493","0k3tq"
475,"douglas-adams","Douglas Adams","Q42","0282x"
477,"marvel-comics","Marvel Comics","Q173496","058j2"
479,"weezer","Weezer","Q209956","0838y"
480,"jason-aldean","Jason Aldean","Q195439","07ccwh"
481,"kurt-vonnegut","Kurt Vonnegut","Q49074","049gc"
482,"kgb","The KGB","Q80919","04b6p"
483,"judas-priest","Judas Priest","Q83468","016m5c"
485,"expedia","Expedia","Q1418432","025ypk"
486,"sherlock","Sherlock","Q192837","053x8hr"
487,"dhl","DHL","Q489815","021086"
488,"icq","ICQ","Q58166","03xhk"
490,"leona-lewis","Leona Lewis","Q183519","025_1vt"
494,"zeeland","Zeeland","Q705","0dqyc"
495,"great-depression","Great Depression","Q8698","034jx"
496,"ricky-gervais","Ricky Gervais","Q23517","015pxr"
498,"virtualbox","VirtualBox","Q11393","027q8xw"
500,"buckingham-palace","Buckingham Palace","Q42182","0198g"
502,"spring-cleaning","Spring Cleaning","Q2095477","09yr_p"
503,"aiga","American Institute of Graphic Arts","Q3622004","0ftt1y"
504,"babysitting","Babysitting","Q797990","04fb_1"
506,"panda-express","Panda Express","Q1358690","03b5kr"
508,"john-wayne","John Wayne","Q40531","043gj"
509,"target","Target","Q230479","01b39j"
510,"santana","Santana","Q819016","01304j"
511,"jack-johnson","Jack Johnson","Q297097","02h7gb"
512,"t-i","T.I.","Q214227","03f7lp0"
516,"allentown","Allentown","Q142811","0_3cs"
517,"treadmill","Treadmills","Q839144","030610"
522,"vaio","VAIO","Q849488","01g5tx"
523,"valladolid","Valladolid","Q8356","0j1tm"
526,"probiotic","Probiotics","Q1816730","036jrg"
527,"jersey-city","Jersey City","Q26339","0xn7q"
529,"carl-jung","Carl Jung","Q41532","0bk5r"
531,"san-juan","San Juan","Q41211","0fw4v"
535,"flo-rida","Flo Rida","Q213538","02vwckw"
538,"ryan-adams","Ryan Adams","Q437970","0167v4"
539,"neil-young","Neil Young","Q633","0m2l9"
541,"kickboxing","Kickboxing","Q178678","048fg"
543,"martin-luther","Martin Luther","Q9554","04yd_"
545,"recording-studio","Recording Studios","Q746369","01j3j8"
546,"chicago-tribune","Chicago Tribune","Q47596","0gk2h"
547,"soap-opera","Soap Operas","Q23739","06q7n"
549,"texas-rangers","Texas Rangers","Q329816","07l8x"
550,"web-services","Web Services","Q193424","0n5rs"
552,"mitsubishi","Mitsubishi","Q53257","043rz3"
553,"chris-evans","Chris Evans","Q178348","058s44"
554,"shanghai","Shanghai","Q8686","06wjf"
557,"vitamin-water","Vitamin Water","Q1094880","07p18t"
559,"newport-beach","Newport Beach","Q268873","0r2kh"
560,"timbaland","Timbaland","Q179257","03f5spx"
563,"yukon","Yukon","Q2009","087r4"
566,"thich-nhat-hanh","Thich Nhat Hanh","Q310913","07kqn"
576,"iwork","iWork","Q306020","04ygss"
577,"vin-diesel","Vin Diesel","Q178166","025n3p"
579,"charles-barkley","Charles Barkley","Q192707","01ck_1"
580,"zionism","Zionism","Q42388","089g6"
581,"leonard-cohen","Leonard Cohen","Q1276","0lccn"
584,"tracy-morgan","Tracy Morgan","Q14542","04tnqn"
587,"maroon-5","Maroon 5","Q182223","02k5sc"
589,"acer","Acer","Q224232","023fm_"
590,"social-enterprise","Social Enterprise","Q1071015","05nqdy"
593,"onyx","Onyx","Q180884","01s85q"
597,"ozzy-osbourne","Ozzy Osbourne","Q133151","01vtqml"
599,"ray-ban","Ray-Ban","Q653941","02m7zw"
604,"social-business","Social Businesses","Q5346803","0271kdf"
606,"stalin","Joseph Stalin","Q855","03_lf"
608,"pacman","Pac-Man","Q173626","0jt_x"
610,"twilight-zone","The Twilight Zone","Q14329491","0d_rw"
613,"watchmen","Watchmen","Q128444","0856g"
616,"rocky-horror-picture-show","Rocky Horror Picture Show","Q751921","06cgf"
617,"richard-dawkins","Richard Dawkins","Q44461","06g4_"
623,"david-beckham","David Beckham","Q10520","02d9k"
626,"tina-fey","Tina Fey","Q14540","0pz7h"
627,"lenny-kravitz","Lenny Kravitz","Q180224","0161sp"
630,"social-studies","Social Studies","Q14565700","01cmmv"
634,"xbox-live","Xbox Live","Q170073","03lcnb"
638,"baghdad","Baghdad","Q1530","01fqm"
641,"tim-burton","Tim Burton","Q56008","07rd7"
642,"sting","Sting","Q16335169","09phq3"
644,"keyshia-cole","Keyshia Cole","Q233229","01pkxs9"
645,"remote-control","Remote Controls","Q185091","0qjjc"
651,"video-camera","Video Cameras","Q313614","025t6n0"
652,"northern-california","Northern California","Q1066807","012x2r"
654,"quiznos","Quiznos","Q1936229","01k9w5"
655,"pastel","Pastels","Q189085","0642x"
656,"westchester","Westchester","Q54066","0cymp"
659,"universal-studios","Universal Studios","Q168383","016tw3"
664,"vanity-fair","Vanity Fair","Q158283","01q2nh"
667,"george-h-w-bush","George H.W. Bush","Q23505","034ls"
669,"lidl","Lidl","Q151954","01qlgk"
670,"atari","Atari","Q207922","0xwj"
675,"nelly","Nelly","Q218992","016pns"
676,"scribd","Scribd","Q1467888","03nww99"
677,"the-bachelorette","The Bachelorette","Q3278334","017mtp"
678,"google-street-view","Google Street View","Q213602","03bxzgm"
680,"mountain-view","Mountain View","Q486860","0r6c4"
687,"chris-christie","Chris Christie","Q63879","0f8t6k"
690,"klm","KLM Royal Dutch Airlines","Q181912","049mr"
694,"world-trade-center","World Trade Center","Q11235","083_h"
697,"anchorage-alaska","Anchorage","Q39450","0g_wn2"
699,"lumber-industry","Lumber Industry","Q845249","0hv6w"
702,"fondue","Fondue","Q190531","034hjy"
705,"activision","Activision","Q200491","09j_g"
707,"macbook-pro","MacBook Pro","Q214276","09tzfp"
709,"allen-iverson","Allen Iverson","Q190094","01sg7_"
710,"poultry","Poultry","Q178559","05s0c"
711,"eharmony","eHarmony","Q5323105","05m6ck"
712,"old-spice","Old Spice","Q2325626","024g32"
717,"maxis","Maxis","Q220317","05925"
718,"deodorant","Deodorant","Q309035","01v7jx"
723,"new-mexico","New Mexico","Q1522","05fjy"
727,"rascal-flatts","Rascal Flatts","Q753598","01ljtr1"
731,"roku","Roku","Q15995436","0_x7l9_"
732,"santa-clara","Santa Clara","Q110739","0l2xl"
733,"sour-cream","Sour Cream","Q840171","01hn_d"
736,"yogurt","Yogurt","Q13317","014l8n"
744,"george-carlin","George Carlin","Q150651","014z8v"
746,"national-weather-service","National Weather Service","Q1066823","01q4np"
748,"ethernet","Ethernet","Q79984","02lgj"
749,"social-innovation","Social Innovation","Q1399209","09btjn"
751,"vogue","Vogue","Q154008","01y5zy"
753,"cheltenham","Cheltenham","Q206988","015cj9"
754,"rush-limbaugh","Rush Limbaugh","Q319072","01w6mk6"
756,"straight-edge","Straight Edge","Q1215","06n58"
757,"jamba-juice","Jamba Juice","Q3088784","04zltb"
758,"corporation","Corporations","Q167037","023k2"
759,"pantera","Pantera","Q180880","011_vg"
760,"dutch","Dutch","Q7411","02bv9"
761,"ugg-boots","Ugg Boots","Q747201","03hygp"
763,"santiago","Santiago","Q2887","0dlqv"
765,"vending-machine","Vending Machines","Q211584","01nfrr"
766,"al-qaeda","Al Qaeda","Q34490","0v74"
767,"panasonic","Panasonic","Q53247","0nk5b"
768,"pinball","Pinball","Q653928","0gfk5"
770,"venturebeat","Venturebeat","Q4052640","0cp0fjr"
771,"slovakia","Slovakia","Q214","06npd"
773,"nate-dogg","Nate Dogg","Q47159","01w9s2"
774,"livingsocial","LivingSocial","Q12988581","0bbvknn"
778,"sean-connery","Sean Connery","Q4573","06mr6"
780,"jay-z","Jay-Z","Q62766","01vw20h"
785,"arnold-schwarzenegger","Arnold Schwarzenegger","Q2685","0tc7"
786,"hulk-hogan","Hulk Hogan","Q44176","01rzxl"
787,"encryption","Encryption","Q141090","02spk"
788,"pampers","Pampers","Q2340498","04bcdb"
790,"nasdaq","NASDAQ","Q82059","05dq_"
796,"iphoto","iPhoto","Q9553","01qc2b"
799,"grassroots-movements","Grassroots Politics","Q929651","02b67g"
800,"great-britain","Great Britain","Q23666","034cm"
804,"wonder-woman","Wonder Woman","Q338430","0sc7q"
805,"robert-frost","Robert Frost","Q168728","06gq_"
808,"guitar-hero","Guitar Hero","Q533752","0288qz7"
810,"scott-pilgrim","Scott Pilgrim","Q1199291","05j3y0"
813,"viral-video","Viral Video","Q1030329","0c261k"
815,"gartner","Gartner","Q174198","01l4jh"
816,"redmond","Redmond","Q223718","06m7v"
818,"andy-murray","Andy Murray","Q10125","03wc52"
820,"visual-studio","Microsoft Visual Studio","Q134067","01r_y0"
821,"jamie-foxx","Jamie Foxx","Q171905","01wmxfs"
822,"noam-chomsky","Noam Chomsky","Q9049","0b78hw"
826,"cherry-blossoms","Cherry Blossoms","Q871991","01wh_8"
829,"phil-collins","Phil Collins","Q144622","0140t7"
830,"hummer","Hummer","Q213487","03qyv"
832,"liberia","Liberia","Q1014","04hzj"
836,"richard-branson","Richard Branson","Q194419","0n839"
837,"toshiba","Toshiba","Q49125","0g7xx"
839,"zooey-deschanel","Zooey Deschanel","Q191719","03rl84"
841,"whole-foods","Whole Foods","Q1809448","02xf2l"
844,"milton-keynes","Milton Keynes","Q204234","0131ly"
847,"riesling","Riesling","Q456471","017x6n"
848,"matt-smith","Matt Smith","Q312385","04qbht5"
849,"suzuki","Suzuki","Q181642","02ws0w"
852,"scarlett-johansson","Scarlett Johansson","Q34436","02114t"
854,"miami-beach","Miami Beach","Q201516","0rnmy"
857,"ultrasound","Ultrasounds","Q162564","07tb9"
861,"time-management","Time Management","Q355217","07n4p"
863,"kate-middleton","Kate Middleton","Q10479","05mnc3"
866,"private-school","Private Schools","Q423208","01rs41"
869,"tasmania","Tasmania","Q34366","07cfx"
870,"enrique-iglesias","Enrique Iglesias","Q47122","01s7ns"
872,"ecology","Ecology","Q7150","02mgp"
875,"panera-bread","Panera Bread","Q7130852","03pk18"
880,"urban-dictionary","Urban Dictionary","Q310004","08yr13"
881,"jennifer-hudson","Jennifer Hudson","Q192410","02ktrs"
883,"indiana-jones","Indiana Jones","Q148659","03ttl"
884,"grand-canyon","Grand Canyon","Q118841","0cns5"
885,"adobe-creative-suite","Adobe Creative Cloud","Q14636918","0wjd1gh"
888,"swarovski","Swarovski","Q611115","0pd2pm3"
889,"federal-trade-commission","Federal Trade Commission","Q786713","018wzs"
890,"morrissey","Morrissey","Q202246","01w524f"
896,"white-castle","White Castle","Q1244034","02xjbr"
897,"warsaw","Warsaw","Q270","081m_"
902,"farms","Farming","Q26643","09s1w"
904,"rdio","Rdio","Q2134497","0cp04ll"
907,"tylenol","Tylenol","Q3245302","0lbtm"
908,"abba","Abba","Q18233","0kjh"
914,"ipswich","Ipswich","Q184775","0pfd9"
915,"reggaeton","Reggaeton","Q202930","0233qs"
916,"theodore-roosevelt","Theodore Roosevelt","Q33866","07hyk"
919,"jack-daniels","Jack Daniels","Q1376398","0b2gys"
920,"los-angeles-times","Los Angeles Times","Q188515","01p06z"
921,"textmate","TextMate","Q2297533","09gl10"
923,"carrie-underwood","Carrie Underwood","Q215546","058s57"
924,"cher","Cher","Q12003","01vtj38"
926,"tooth-fairy","Tooth Fairy","Q846982","012m64"
927,"erykah-badu","Erykah Badu","Q223875","01w7nww"
928,"amtrak","Amtrak","Q23239","0dn_w"
929,"income-tax","Income Taxes","Q179222","0df75"
931,"kmart","Kmart","Q1753080","01k3wp"
933,"gujarat","Gujarat","Q1061","0f1_p"
935,"george-clooney","George Clooney","Q23844","014zcr"
936,"dads","Being a Dad","Q7565","0lbxg"
939,"whitney-houston","Whitney Houston","Q34389","086qd"
940,"dsl","DSL","Q104534","0b7p9"
942,"convention-center","Convention Centers","Q1378975","02l7rx"
944,"sunscreen","Sunscreen","Q827658","01r0j5"
945,"social-commerce","Social Commerce","Q327627","03c5z96"
946,"qvc","QVC","Q440774","02c6k_"
947,"exxon","Exxon","Q156238","02s6x"
954,"wildlife","Wildlife","Q241741","01280g"
960,"hyuna","Hyuna","Q234066","09v23xg"
962,"ne-yo","Ne-Yo","Q193710","06s7rd"
965,"hamas","Hamas","Q38799","03m6j"
968,"durban","Durban","Q5468","01tjvv"
969,"hello-kitty","Hello Kitty","Q191794","0f5v7"
971,"dairy-queen","Dairy Queen","Q1141226","021fdl"
972,"oahu","Oahu","Q131347","0dfcn"
974,"playstation-network","PlayStation Network","Q441204","0c1jl_"
975,"world-bank","World Bank","Q7164","02vk52z"
976,"history-channel","History Channel","Q394863","0381pn"
979,"state-farm","State Farm","Q2007336","03dnbx"
981,"punk-rock","Punk Rock","Q3071","05r6t"
984,"final-fantasy","Final Fantasy","Q189842","02ywx"
986,"george-lucas","George Lucas","Q38222","0343h"
992,"snow-patrol","Snow Patrol","Q188407","03hmh_"
993,"jason-mraz","Jason Mraz","Q192515","0259r0"
994,"dolphins","Dolphins","Q7369","02hj4"
998,"einstein","Albert Einstein","Q937","0jcx"
999,"elton-john","Elton John","Q2808","01vrz41"
1000,"talk-show","Talk Shows","Q622812","0m1xv"
1002,"credit-card","Credit Cards","Q161380","0d7pp"
1004,"painkillers","Painkillers","Q173235","0y09"
1005,"gsm","GSM Standard","Q46904","03c5f"
1011,"resident-evil","Resident Evil","Q220260","0dwfc"
1013,"sears","Sears","Q6499202","01pkvx"
1014,"hyundai","Hyundai","Q29311","02bgbx"
1016,"juggling","Juggling","Q194326","09nyy"
1017,"tivo","TiVo","Q1191405","07lwz"
1019,"dave-grohl","Dave Grohl","Q12006","0285c"
1021,"basecamp","Basecamp","Q2364173","07bsws"
1024,"new-media","New Media","Q683794","01yl50"
1025,"shazam","Shazam","Q1462707","0pzyh"
1027,"livestock","Livestock Farming","Q103459","0ch8v"
1028,"havana","Havana","Q1563","0d6hn"
1029,"tesla-motors","Tesla Motors","Q478214","0dr90d"
1032,"antarctica","Antarctica","Q51","0jfx"
1045,"tyler-perry","Tyler Perry","Q686301","05wm88"
1046,"drm","Digital Rights Management","Q192532","0m81l"
1053,"periodic-table","Periodic Table of Elements","Q10693","05rbs"
1054,"fukushima","Fukushima","Q161176","0gqkx"
1057,"goldman-sachs","Goldman Sachs","Q193326","01xdn1"
1059,"vespa","Vespa","Q217673","011_lb"
1061,"bebo","Bebo","Q813559","07w_gh"
1062,"xcode","Xcode","Q250328","01z_14"
1063,"telus","Telus","Q165858","0154cw"
1064,"celine-dion","Celine Dion","Q5105","01cwhp"
1068,"oauth","OAuth","Q743238","03cbzwv"
1069,"record-label","Record Labels","Q18127","012sxl"
1070,"tonga","Tonga","Q678","07fb6"
1075,"cadbury","Cadbury","Q6565470","0f7n6"
1078,"wacom","Wacom","Q1044773","04xsd1"
1083,"game-boy","Game Boy","Q186437","0dv3zf"
1085,"futurama","Futurama","Q73622","01h72l"
1090,"fremont","Fremont","Q49220","0dwh5"
1093,"samoa","Samoa","Q683","06s9y"
1094,"online-communities","Online Communities","null","09k4rpx"
1098,"david-archuleta","David Archuleta","Q214831","03nwxfw"
1099,"los-angeles-clippers","Los Angeles Clippers","Q976396","0jmjr"
1102,"george-bernard-shaw","George Bernard Shaw","Q19185","03cdg"
1106,"hugh-grant","Hugh Grant","Q163286","016xh5"
1108,"crosswords","Crosswords","Q83207","0j4mv"
1112,"mountain-dew","Mountain Dew","Q896","0dp88"
1116,"sega","Sega","Q122741","06p8m"
1121,"monsanto","Monsanto","Q207983","0n8m6"
1122,"renault","Renault","Q6686","015k42"
1123,"ryanair","Ryanair","Q170614","01m_zd"
1125,"tupac-shakur","Tupac Shakur","Q6107","07pzc"
1134,"lamborghini","Lamborghini","Q35886","04mtl"
1136,"kraft-foods","Kraft Foods","Q327751","02ktt7"
1138,"fargo","Fargo","Q222720","011yhm"
1143,"bill-clinton","Bill Clinton","Q1124","0157m"
1144,"snow-leopard","Mac OS X Snow Leopard","Q381215","047glqs"
1155,"60-minutes","60 Minutes","Q247869","08k9h"
1157,"final-cut-pro","Final Cut Pro","Q9587","02ccw4"
1165,"google-maps","Google Maps","Q12013","055t58"
1166,"nagasaki","Nagasaki","Q38234","05gqf"
1167,"support-groups","Support Groups","Q3117735","0140nn"
1170,"hyatt","Hyatt Hotels","Q1425063","012r1wph"
1176,"black-holes","Black Holes","Q589","01h1s"
1180,"dominican-republic","Dominican Republic","Q786","027rn"
1181,"wakefield","Wakefield","Q216638","013t2y"
1182,"janet-jackson","Janet Jackson","Q131324","0gbwp"
1183,"anne-hathaway","Anne Hathaway","Q36301","02vntj"
1184,"carrot-cake","Carrot Cake","Q656071","06gf2f"
1185,"iwork-keynote","iWork Keynote","Q412510","01qkry"
1186,"dyson","Dyson","Q621429","05cskg"
1187,"roulette","Roulette","Q190975","06lpz"
1196,"young-jeezy","Young Jeezy","Q342447","01r_nkk"
1197,"dim-sum","Dim Sum","Q339836","0pmbh"
1202,"forex","FOREX","Q66076","02_cz4"
1208,"web-development","Web Development","Q386275","02wdy8"
1209,"volvo","Volvo","Q163810","07yw2"
1211,"akon","Akon","Q32849","0dt1cm"
1212,"us-federal-government","U.S. Federal Government","Q48525","01bqks"
1214,"jury-duty","Jury System","Q1714040","09k4jpv"
1215,"garage-sale","Garage Sales","Q19811","02rmnn"
1216,"advil","Advil","null","02p1ht3"
1217,"lakewood","Lakewood","Q462804","0rbgg"
1218,"nature","Nature","Q7860","05h0n"
1228,"keri-hilson","Keri Hilson","Q152453","0czvv0"
1232,"audiobooks","Audiobooks","Q106833","051gpf"
1233,"cesc-fabregas","Cesc Fabregas","Q17499","03tb61"
1234,"russell-brand","Russell Brand","Q296609","06crng"
1238,"urban-outfitters","Urban Outfitters","Q3552193","03kgz4"
1239,"marvin-gaye","Marvin Gaye","Q189758","012z8_"
1247,"all-blacks","New Zealand All Blacks","Q55801","0148q6"
1249,"spanish","Spanish","Q1321","06nm1"
1251,"anthrax","Anthrax","Q129104","0bsht"
1256,"nuclear-power","Nuclear Power","Q12739","05k97"
1258,"blu-ray-players","Blu-ray Players","Q47770","02nxhr"
1260,"telstra","Telstra","Q721162","07rnx"
1265,"peter-pan","Peter Pan","Q107190","0267l4m"
1268,"hdmi","HDMI","Q184292","02mvfg"
1270,"jay-leno","Jay Leno","Q218718","046lt"
1272,"victorias-secret","Victoria's Secret","Q332477","02pvjn"
1275,"ryan-reynolds","Ryan Reynolds","Q192682","036hf4"
1280,"amazing-race","Amazing Race","Q641613","02q2dv_"
1286,"nordstrom","Nordstrom","Q174310","01fc_q"
1288,"yelp","Yelp","Q2299611","0bngkg"
1292,"cadillac","Cadillac","Q27436","0h61x"
1295,"heart-disease","Heart Disease","Q190805","02k6hp"
1297,"rock-music","Rock Music","Q11399","06by7"
1298,"vintage","Vintage Shopping","Q7932858","041tyr"
1299,"hsbc","HSBC","Q190464","01vq1f"
1302,"little-rock","Little Rock","Q33405","0ftvg"
1306,"jon-stewart","Jon Stewart","Q211987","01j7rd"
1315,"morgan-freeman","Morgan Freeman","Q48337","055c8"
1318,"cartoon-network","Cartoon Network","Q708290","0ljc_"
1324,"william-shakespeare","William Shakespeare","Q692","081k8"
1325,"business-week","Business Week","Q833195","03s60l"
1334,"new-england","New England","Q18389","029jpy"
1335,"louis-vuitton","Louis Vuitton","Q191485","03h90x"
1336,"rainforest","Rainforests","Q9444","0d8cn"
1337,"communism","Communism","Q6186","01m59"
1342,"musical-theater","Musical Theatre","Q2743","0557q"
1350,"taipei","Taipei","Q1867","0ftkx"
1352,"waitrose","Waitrose","Q771734","022645"
1354,"safeway","Safeway","Q1508234","03lpnx"
1357,"godzilla","Godzilla","Q6567","034w_"
1358,"redbox","Redbox","Q7305489","04d75z"
1362,"brain-tumor","Brain Tumors","Q233309","09969"
1368,"business-model","Business Models","Q815823","0hd4m"
1369,"medicine","Medicine","Q11190","04sh3"
1370,"miss-universe","Miss Universe","Q161376","013c6x"
1381,"ice-cube","Ice Cube","Q173637","01vw26l"
1383,"audrey-hepburn","Audrey Hepburn","Q42786","0dqcm"
1385,"tanzania","Tanzania","Q924","07dzf"
1386,"cheerios","Cheerios","Q2425291","03m1ls"
1395,"green-bay","Green Bay","Q47430","01fscv"
1397,"street-fighter","Street Fighter","Q288035","079pq"
1398,"young-adult-literature","Young Adult Literature","Q1233720","03mfnf"
1404,"conference-call","Conference Calls","Q426394","024jcs"
1406,"ssl","SSL","Q206494","019pps"
1407,"domino","Dominoes","Q32907","029g5"
1408,"iron-maiden","Iron Maiden","Q42482","014_xj"
1412,"cydia","Cydia","Q502129","05b5r10"
1416,"sofia","Sofia","Q472","0ftjx"
1419,"zune","Zune","Q229851","02hy_ps"
1424,"coco-chanel","Coco Chanel","Q45661","037g0"
1425,"bradley-cooper","Bradley Cooper","Q205707","01_xtx"
1433,"metadata","Metadata","Q180160","05451"
1434,"michelle-obama","Michelle Obama","Q13133","025s5v9"
1436,"polaroid","Polaroid","Q423535","017zf_"
1438,"fernando-torres","Fernando Torres","Q42731","047kk6"
1446,"barclays","Barclays","Q245343","05t8c5"
1448,"typewriter","Typewriters","Q46335","0c2wf"
1451,"joe-biden","Joe Biden","Q6279","012gx2"
1452,"walking-dead","The Walking Dead","Q232737","0c3xpwy"
1453,"gucci-mane","Gucci Mane","Q206032","078wwr"
1457,"slr","SLR Cameras","Q196353","07bjf"
1462,"minimum-wage","Minimum Wage","Q186228","04rsd"
1464,"whatsapp","WhatsApp","Q1049511","0gwzvs1"
1467,"helsinki","Helsinki","Q1757","03khn"
1472,"gainesville","Gainesville","Q487999","0rh7t"
1478,"lisbon","Lisbon","Q597","04llb"
1483,"dover","Dover","Q179224","0b28g"
1489,"silverlight","Silverlight","Q489048","02pqhn2"
1490,"xkcd","xkcd","Q13915","0fzd3g"
1491,"educational-technology","Education Technology","Q1068473","067_f8"
1494,"ps2","PS2","Q10680","066kp"
1502,"trader-joes","Trader Joe's","Q1424605","0cncxk"
1503,"helen-keller","Helen Keller","Q38203","03ppx"
1504,"world-news","World News","Q1071646","0dlkdgg"
1511,"five-guys","Five Guys Burgers and Fries","Q1131810","07mxr1"
1518,"google-earth","Google Earth","Q42274","06ny5h"
1524,"tiesto","Tiesto","Q183508","01w334h"
1526,"t-mobile","T-Mobile","Q327634","013rs0"
1528,"mexico-city","Mexico City","Q1489","04sqj"
1534,"ticketmaster","Ticketmaster","Q2609162","02nnlv"
1537,"snoop-dogg","Snoop Dogg","Q6096","01vw8mh"
1540,"cpr","CPR","Q185325","0hk2p"
1545,"lupe-fiasco","Lupe Fiasco","Q310116","01wn718"
1548,"leukemia","Leukemia","Q29496","04psf"
1549,"woodstock","Woodstock","Q164815","085kv"
1550,"xavi","Xavi","Q17500","06mmrh"
1554,"sao-paulo","Sao Paulo","Q174","022pfm"
1555,"lil-kim","Lil' Kim","Q229379","01wyz92"
1559,"jurassic-park","Jurassic Park","Q2336369","02qzk2w"
1563,"nile","The Nile","Q3392","05b5w"
1566,"doj","U.S. Department of Justice","Q1553390","0dtj5"
1569,"tim-hortons","Tim Hortons","Q175106","018l04"
1577,"lexus","Lexus","Q35919","04n7g"
1583,"mario-kart","Mario Kart","Q188196","04zfy"
1584,"private-sector","Private Sector","Q591763","01lbdx"
1587,"arlington","Arlington","Q107126","0mpbx"
1590,"zucchini","Zucchini","Q7533","027pcv"
1594,"calculus","Calculus","Q149972","01lgy"
1597,"fast-food","Fast Food","Q81799","01_bhs"
1598,"perfume","Perfume","Q131746","0p833"
1604,"radiohead","Radiohead","Q44190","09jm8"
1605,"federal-communications-commission","Federal Communications Commission","Q128831","0fjdq"
1613,"honolulu","Honolulu","Q18094","02hrh0_"
1616,"quora","Quora","Q51711","0bm8t1r"
1620,"publix","Publix","Q672170","03p3081"
1624,"vpn","VPN","Q170963","012t0g"
1629,"internet-connection","Internet Connections","Q1472399","01rvgk"
1635,"fayetteville","Fayetteville","Q219526","0qxhc"
1654,"spreadsheet","Spreadsheet Software","Q183197","06wxc"
1659,"ludacris","Ludacris","Q193676","01vw37m"
1661,"williamsburg","Williamsburg","Q771572","02zqf6"
1665,"guinea","Guinea","Q1006","03676"
1669,"imdb","IMDb","Q37312","0873c4"
1673,"social-justice","Social Justice","Q264892","0d28b"
1678,"plagiarism","Plagiarism","Q164666","0c8d1"
1679,"irvine","Irvine","Q49219","0d7k1z"
1680,"apple-tv","Apple TV","Q270285","0gz0jd"
1681,"llama","Llamas","Q42569","04ldz"
1687,"dhs","Department of Homeland Security","Q11231","0fytk"
1688,"geneva","Geneva","Q71","03902"
1692,"instapaper","Instapaper","Q4022396","0hr82vx"
1694,"stevie-wonder","Stevie Wonder","Q714","012x4t"
1695,"henry-david-thoreau","Henry David Thoreau","Q131149","0bwx3"
1708,"avenged-sevenfold","Avenged Sevenfold","Q165193","041f35"
1714,"air-force","U.S. Air Force","Q11223","02rjqfl"
1726,"hard-rock","Hard Rock","Q83270","0xhtw"
1734,"progressive-insurance","Progressive Insurance","Q7248721","032v2q"
1735,"primark","Primark","Q137023","06cm4q"
1736,"motown","Motown","Q43327","016ckq"
1745,"phishing","Phishing","Q135005","027b9k"
1752,"ryan-gosling","Ryan Gosling","Q193815","03m6_z"
1754,"gtalk","Google Talk","Q51713","05bx_f"
1755,"unix","UNIX","Q11368","07scx"
1757,"junk-food","Junk Food","Q851384","0h55b"
1759,"research-in-motion","Research in Motion","Q502121","01y9f8"
1761,"kroger","Kroger","Q153417","0204w9"
1766,"monte-carlo","Monte Carlo","Q45240","010nlt"
1774,"sportscenter","Sportscenter","Q3131232","014smc"
1778,"thomas-jefferson","Thomas Jefferson","Q11812","07cbs"
1780,"mozart","Mozart","Q254","082db"
1782,"miyagi","Miyagi","Q47896","018jkl"
1787,"hot-topic","Hot Topic","Q9294032","02cjyq"
1804,"jameson","Jameson Irish Whiskey","Q2482","0b_b5c"
1813,"drinking-games","Drinking Games","Q1140722","028mq"
1827,"north-america","North America","Q49","059g4"
1833,"krispy-kreme","Krispy Kreme","Q1192805","015vw5"
1836,"citibank","Citibank","Q857063","01hlzm"
1840,"elementary-school","Elementary Schools","Q9842","0j_2_6r"
1841,"tony-awards","Tony Awards","Q191874","0f8kh"
1846,"medicaid","Medicaid","Q1141363","0fh83"
1847,"battlestar-galactica","Battlestar Galactica","Q836013","0p9_0"
1849,"freddie-mercury","Freddie Mercury","Q15869","01vn0t_"
1854,"dada","Dadaism","Q6034","0298q"
1869,"fan-club","Fan Clubs","Q3739173","02r_r4"
1872,"thomas-edison","Thomas Edison","Q8743","07bty"
1874,"navigation","Navigation","Q102066","05h78"
1886,"canterbury","Canterbury","Q29303","0cy07"
1890,"angola","Angola","Q916","0j4b"
1911,"gamestop","GameStop","Q202210","03xlfx"
1914,"daft-punk","Daft Punk","Q185828","016j7m"
1920,"fedex","FedEx","Q459477","0k9s1"
1938,"capcom","Capcom","Q14428","01nds"
1941,"ghostbusters","Ghostbusters","Q108745","01d2v1"
1953,"seinfeld","Seinfeld","Q23733","072kp"
1969,"apache","Apache","Q489709","0nzm"
1972,"riyadh","Riyadh","Q3692","0dlm_"
2006,"health-insurance","Health Insurance","Q334911","02gqxg"
2016,"sesame-street","Sesame Street","Q155629","0cwrr"
2018,"champions-league","Champions League","Q18756","0c1q0"
2020,"vhs","VHS","Q183976","0dq6p"
2021,"golf-course","Golf Courses","Q1048525","02vk5tw"
2028,"tempe","Tempe","Q51685","0qpsn"
2036,"mariah-carey","Mariah Carey","Q41076","04xrx"
2047,"nissan","Nissan","Q20165","05b4c"
2055,"imax","IMAX","Q188575","017fx5"
2060,"octopus","Octopi","Q40152","05py0"
2066,"lollapalooza","Lollapalooza","Q889643","01nv25"
2067,"san-jose-california","San Jose California","Q16553","0f04v"
2068,"manny-pacquiao","Manny Pacquiao","Q486359","03pmbb"
2072,"mortal-kombat","Mortal Kombat","Q241163","09wcn_"
2078,"taliban","Taliban","Q42418","07jqh"
2091,"toothbrush","Toothbrushes","Q134205","012xff"
2103,"uefa","UEFA","Q35572","07y9k"
2104,"arcade-fire","Arcade Fire","Q58608","045wvq"
2106,"astronaut","Astronauts","Q11631","0htp"
2111,"terminator","Terminator","Q162255","07ghq"
2114,"pringles","Pringles","Q528187","01pb8t"
2115,"job-interview","Job Interviews","Q850171","05y7_j"
2127,"christina-aguilera","Christina Aguilera","Q41594","0127s7"
2132,"beastie-boys","Beastie Boys","Q214039","017j6"
2137,"breaking-bad","Breaking Bad","Q1079","03d34x8"
2148,"eleanor-roosevelt","Eleanor Roosevelt","Q83396","02n9k"
2149,"social-security","Social Security","Q13479957","0d0b8"
2155,"topshop","Topshop","Q1893576","03sl98"
2160,"mila-kunis","Mila Kunis","Q37628","023v4_"
2171,"pay-per-view","Pay-Per-View","Q851440","0psvw"
2174,"toothpaste","Toothpaste","Q35855","012xjl"
2177,"plato","Plato","Q859","05qmj"
2181,"touch-screen","Touch Screens","Q165970","0316ky"
2211,"congo","Congo","Q974","088xp"
2214,"movember","Movember","Q31489","08p9p1"
2220,"kpn","KPN","Q338633","02s08w"
2226,"internal-revenue-service","Internal Revenue Service","Q973587","03z19"
2235,"john-lennon","John Lennon","Q1203","01vsl3_"
2239,"jim-morrison","Jim Morrison","Q44301","01w9ph_"
2249,"jimmy-fallon","Jimmy Fallon","Q335680","01n5309"
2269,"source-code","Source Code","Q128751","06wpv"
2275,"alicia-keys","Alicia Keys","Q121507","0g824"
2277,"duct-tape","Duct Tape","Q1030313","0bykn"
2279,"wolverine","Wolverine","Q14334","086tj"
2280,"50-cent","50 Cent","Q6060","01vvyc_"
2283,"gq","GQ Magazine","Q311249","02pypc"
2297,"exeter","Exeter","Q134672","02m__"
2323,"bbc-radio","BBC Radio","Q1191294","016df2"
2329,"textbook","Textbooks","Q83790","01lph_"
2330,"top-gear","Top Gear","Q910","01qytn"
2331,"hot-sauce","Hot Sauce","Q522171","04jw1r"
2338,"malibu","Malibu","Q387047","0r0m6"
2349,"janis-joplin","Janis Joplin","Q1514","044k8"
2352,"staples","Staples","Q785943","02rhj4"
2365,"david-guetta","David Guetta","Q8298","0840vq"
2382,"birth-control","Birth Control","Q122224","01cnz"
2385,"horoscope","Horoscopes","Q188518","09y0l"
2387,"goldfish","Goldfish","Q123141","03fj2"
2388,"kid-cudi","Kid Cudi","Q299138","04n2vgk"
2389,"pentagon","Pentagon","Q11208","09w3b"
2405,"mri","MRIs","Q161238","04xkp"
2421,"peta","PETA","Q151888","0gj8r"
2423,"hotmail","Hotmail","Q219136","0288nsm"
2435,"michael-jordan","Michael Jordan","Q41421","054c1"
2436,"how-i-met-your-mother","How I Met Your Mother","Q147235","07zhjj"
2466,"mobile-devices","Mobile Devices","Q5082128","030swj"
2486,"chemical-industry","Chemical Industry","Q207652","0g10z"
2488,"tripoli","Tripoli","Q3579","07p7g"
2496,"chardonnay","Chardonnay","Q213332","09cgp"
2509,"dns","DNS","Q8767","029zm"
2517,"socialism","Socialism","Q7272","06nsn"
2522,"antibiotics","Antibiotics","Q12187","0tbr"
2530,"diet-coke","Diet Coke","Q1815345","0qjf5"
2531,"tesco","Tesco","Q487494","03p39x1"
2541,"asthma","Asthma","Q35869","0c78m"
2552,"john-mayer","John Mayer","Q215215","01s21dg"
2562,"road-trip","Road Trips","Q6739884","0cnfpz"
2566,"ciara","Ciara","Q203223","03h_0_z"
2576,"childrens-books","Children's Books","Q131539","0dwly"
2591,"google-docs","Google Docs","Q9344","0dm258"
2621,"flashmob","Flash Mobs","Q152263","01q81w"
2633,"marmite","Marmite","Q1331998","051gd"
2648,"walgreens","Walgreens","Q1591889","02rx2k"
2649,"nairobi","Nairobi","Q3870","05d49"
2650,"tourism","Tourism","Q49389","07bxq"
2664,"windows-7","Windows 7","Q11215","05_30hd"
2666,"fergie","Fergie","Q180004","01svw8n"
2677,"paul-mccartney","Paul McCartney","Q2599","03j24kf"
2695,"roger-federer","Roger Federer","Q1426","01my95"
2696,"simple-plan","Simple Plan","Q485825","01h113"
2712,"warped-tour","Warped Tour","Q971625","017bc3"
2733,"george-w-bush","George W. Bush","Q207","09b6zr"
2736,"algorithms","Algorithms","Q8366","0jpv"
2742,"airplanes","Airplanes","Q197","05czz6l"
2746,"android-market","Google Play","Q79576","05n02d2"
2753,"piracy","Piracy","Q45393","0ddct"
2761,"toni-morrison","Toni Morrison","Q72334","0bv7t"
2782,"jets","Fighter Jets","Q127771","02yjc"
2787,"food-truck","Food Trucks","Q3303463","04s_6n"
2795,"houston-rockets","Houston Rockets","Q161345","0jmfb"
2797,"red-hot-chili-peppers","Red Hot Chili Peppers","Q10708","06mj4"
2814,"anaheim","Anaheim","Q49247","0k9p4"
2829,"sprite","Sprite","Q206978","03fqll"
2873,"algebra","Algebra","Q3968","0pmb"
2881,"baptist-church","Baptist Church","Q93191","019cr"
2888,"serena-williams","Serena Williams","Q11459","015z4j"
2922,"banjo","Banjos","Q258896","018j2"
2926,"hobbit","The Hobbit","Q74287","07g75"
2949,"red-lobster","Red Lobster","Q846301","04ch9_"
2975,"google-analytics","Google Analytics","Q220577","08w9_f"
2995,"bill-gates","Bill Gates","Q5284","017nt"
2996,"scrubs","Scrubs","Q485668","01fs__"
3007,"global-warming","Global Warming","Q7942","0d063v"
3040,"medan","Medan","Q5972","01_d_n"
3055,"poutine","Poutine","Q396184","0jtbr"
3067,"victoria-british-columbia","Victoria- British Columbia","Q2132","07ypt"
3072,"genesis","Genesis","Q151012","0dtd6"
3089,"aurora-colorado","Aurora Colorado","Q49246","0r8hc"
3093,"olive-garden","Olive Garden","Q3045312","02_vn6"
3102,"router","Routers","Q5318","06f76"
3143,"censorship","Censorship","Q543","01n0b"
3186,"knives","Knives","Q32489","04ctx"
3189,"macbook-air","MacBook Air","Q488192","03hl5pv"
3191,"marinas","Marinas","Q721207","01cs_p"
3219,"violin","Violins","Q8355","07y_7"
3251,"vodafone","Vodafone","Q122141","02d6ph"
3257,"arctic","The Arctic","Q386786","047mfj"
3263,"providence","Providence","Q18383","0c1d0"
3264,"mascara","Mascara","Q324120","027x0j"
3286,"hilton-hotels","HIlton Hotels","Q598884","0cmxrn"
3297,"disasters","Disasters","Q3839081","028hh"
3301,"waffle-house","Waffle House","Q1701206","02jjsq"
3360,"dalai-lama","Dalai Lama","Q37349","028g3"
3366,"winston-churchill","Winston Churchill","Q8016","082xp"
3378,"cvs","CVS","Q2078880","02rx13"
3382,"arcade-games","Arcade Games","Q192851","0d76r"
3392,"green-lantern","Green Lantern","Q32884","0js2k"
3394,"crocs","Crocs","Q926699","0cmtsr"
3399,"arctic-monkeys","Arctic Monkeys","Q170599","05q_9w"
3403,"amc","AMC Theatres","Q294721","02qffj"
3420,"chipotle","Chipotle","Q465751","01b566"
3421,"UCLA","UCLA","Q174710","09f2j"
3456,"pbs","PBS","Q215616","05xbx"
3465,"dow-jones","Dow Jones","Q180816","0cqyw"
3475,"epa","U.S. Enviromental Protection Agency","Q223853","0g0lh"
3495,"mascot","Mascots","Q4686758","0153bq"
3502,"stamps","Stamp Collecting","Q856075","06my8"
3572,"marilyn-monroe","Marilyn Monroe","Q4616","04wqr"
3620,"tobacco","Tobacco","Q1566","07ly_"
3629,"halo","Halo","Q1617710","04h6hv"
3636,"pizza-hut","Pizza Hut","Q191615","09cfq"
3637,"evernote","Evernote","Q430526","086n11"
3641,"pinterest","Pinterest","Q255381","0h3tm0f"
3718,"saturday-night-live","Saturday Night Live","Q13979","039cq4"
3727,"hulu","Hulu","Q1630304","02y_4jg"
3731,"doritos","Doritos","Q776795","0160jl"
3750,"david-cameron","David Cameron","Q192","0266lb"
3751,"brooklyn-nets-nba","Brooklyn Nets","Q572134","0jm3b"
3759,"muppets","The Muppets","Q1953422","05335"
3762,"noodles","Noodles","Q192874","0mfnf"
3790,"newport","Newport","Q101254","01xr6x"
3805,"bible","Bible","Q1845","015j7"
3808,"newsletter","Newsletters","Q264238","028pqw"
3841,"vocabulary","Vocabulary","Q6499736","01b5n5"
3866,"swansea","Swansea","Q23051","0ck6r"
3876,"denver-nuggets","Denver Nuggets","Q162954","0jmdb"
3892,"elle","Elle Magazine","Q154020","011hc2"
3908,"prada","Prada","Q193136","033j5y"
3922,"costco","Costco","Q715583","029f32"
3940,"imf","International Monetary Fund","Q7804","03y48"
3941,"daily-mail","Daily Mail","Q210534","0180v2"
3958,"kurt-cobain","Kurt Cobain","Q8446","0484q"
3994,"radio","Radio","Q872","06bz3"
4024,"trauma","Trauma","Q193078","03c8ld"
4062,"bing","Bing","Q182496","0bx7rw"
4075,"rafael-nadal","Rafael Nadal","Q10132","051q39"
4083,"osama-bin-laden","Osama Bin Laden","Q1317","05mg9"
4100,"queen-band","Queen (Band)","Q15862","0bk1p"
4134,"puppet","Puppets","Q1913135","0fmtd"
4137,"diddy","Diddy","Q216936","013w7j"
4207,"johnny-cash","Johnny Cash","Q42775","03h_fk5"
4262,"short-film","Short Films","Q24862","02hmvc"
4264,"middle-school","Middle Schools","Q149566","01j4jl"
4271,"luggage","Luggage","Q865054","03w7y7"
4312,"irc","IRC","Q73","03t2s"
4322,"martini","Martinis","Q273027","01w8pq"
4345,"facetime","FaceTime","Q648357","0c3_bzy"
4347,"ferrari","Ferrari","Q27586","02_kt"
4353,"burger-king","Burger King","Q177054","01601q"
4372,"heart-attack","Heart Attacks","Q12152","0gk4g"
4428,"gdp","GDP","Q12638","039mk"
4457,"honda","Honda","Q9584","03kr0"
4517,"motorola","Motorola","Q259011","0537b"
4531,"ronald-reagan","Ronald Reagan","Q9960","06c0j"
4560,"mac-os","macOS","Q14116","055yr"
4567,"ringtone","Ringtones","Q690856","01hnzm"
4579,"six-flags","Six Flags","Q824278","01l1cx"
4595,"public-transportation","Public Transportation","Q178512","05zdp"
4654,"theft","Theft","Q2727213","07pnk"
4658,"skittles","Skittles","Q868612","03m8jh"
4671,"calgary-flames","Calgary Flames","Q194126","0jnm_"
4683,"printer","Printers","Q82","01m4t"
4703,"central-intelligence-agency","Central Intelligence Agency","Q37230","0d6qjf"
4718,"nirvana","Nirvana","Q11649","0b1zz"
4763,"role-model","Role Models","Q1136974","018cb1"
4804,"surabaya","Surabaya","Q11462","01f4xd"
4836,"pandora","Pandora","Q3887925","04d6f6"
4905,"hosni-mubarak","Hosni Mubarak","Q34105","0dnps"
4953,"book-store","Bookstores","Q200764","08hnjb"
4970,"chanel","Chanel","Q218115","036rkh"
4978,"medicare","Medicare","Q288584","0fzh9"
5001,"imac","iMacs","Q14091","0mbxw"
5011,"nottingham","Nottingham","Q41262","09tlh"
5059,"leopard","Leopards","Q34706","0c29q"
5107,"wheelchair","Wheelchairs","Q191931","0qmmr"
5147,"fusion","Fusion","Q13082","05dnl"
5163,"fukuoka","Fukuoka","Q26600","0gqkd"
5182,"lagos","Lagos","Q8673","0lnfy"
5197,"oreo","Oreo","Q138585","01k18d"
5226,"florence","Florence","Q2044","031y2"
5286,"dinosaur","Dinosaurs","Q430","029tx"
5327,"gift-cards","Gift Cards","Q554910","047vnn4"
5348,"touchpad","Touchpads","Q20137","01q3m6"
5371,"toddler","Toddlers","Q1340307","01bgsw"
5384,"pudding","Pudding","Q9053","01b7zv"
5393,"belfast","Belfast","Q10686","01l63"
5424,"world-series","World Series","Q265538","0fjp3"
5504,"camden","Camden","Q138367","0pzmf"
5574,"batteries","Batteries","Q267298","01c0z"
5666,"wiz-khalifa","Wiz Khalifa","Q117139","026yh6k"
5723,"san-francisco-49ers","San Francisco 49ers","Q337758","06rny"
5732,"radiation","Radiation","Q18335","06g2q"
5733,"ships","Ships","Q11446","06q74"
5888,"monopoly","Monopoly","Q17243","04zk9"
5906,"3g-networks","3G Networks","Q79692","01pqj_"
5915,"drought","Drought","Q43059","099lp"
5940,"dvrs","DVRs","Q865042","01yz9d"
5975,"google-chrome","Google Chrome","Q777","04j7cyf"
6030,"rams","St. Louis Rams","Q337377","06x76"
6073,"kim-kardashian","Kim Kardashian","Q186304","0261x8t"
6075,"living-room","Living Rooms","Q475018","03f6tq"
6118,"ihop","IHOP","Q1185675","01lc89"
6174,"clowns","Clowns","Q7358","01sfl"
6256,"adele","Adele","Q23215","02z4b_8"
6326,"scholarship","Scholarships","Q188823","018m77"
6492,"final-destination","Final Destination","Q223261","0c13_5"
6506,"dna","DNA","Q7430","026w5"
6537,"bob-marley","Bob Marley","Q409","0bkf4"
6540,"titanic","The Titanic","Q25173","06l72"
6562,"hbo","HBO","Q23633","03mdt"
6577,"burritos","Burritos","Q390823","01j3zr"
6604,"camel","Camels","Q7375","01x_v"
6635,"ethics","Ethics","Q9465","02jhc"
6718,"thor","Thor","Q42952","01twwq"
6732,"vitamins","Vitamins","Q34956","07zry"
6859,"chili","Chili","Q863794","01rk86"
6865,"rick-perry","Rick Perry","Q215057","02nlj_"
6914,"obesity","Obesity","Q12174","0fltx"
7068,"arsene-wenger","Arsene Wenger","Q47576","01gjbw"
7083,"holland","Holland","Q102911","03gly"
7165,"manila","Manila","Q1461","0195pd"
7166,"pepsi","Pepsi","Q47719","064d7"
7290,"floyd-mayweather-jr","Floyd Mayweather Jr.","Q318204","04ykxz"
7370,"aaliyah","Aaliyah","Q11617","0x3n"
7377,"somalia","Somalia","Q1045","06tgw"
7489,"lotteries","Lotteries","Q189409","01h8pw"
7554,"emo","Emo","Q10926","0pm85"
7643,"helicopters","Helicopters","Q34486","09ct_"
7655,"passport","Passports","Q43812","05sv1"
7671,"vimeo","Vimeo","Q156376","02631wj"
7688,"reading","Reading","Q199657","04yclrg"
7708,"political-campaigns","Political Campaigns","Q847301","02kyd8"
7736,"taco-bell","Taco Bell","Q752941","09cg6"
7773,"nutella","Nutella","Q212193","0brjx"
7789,"vans","Vans","Q193468","0h2r6"
7815,"manhattan","Manhattan","Q11299","0cc56"
7925,"dropbox","Dropbox","Q142539","04mzcr5"
7964,"family-guy","Family Guy","Q5930","019nnl"
8033,"caffeine","Caffeine","Q60235","01_7l"
